root;Precon;Solver;SeqGS;SeqSOR;CGSolver;BiCGSTABSolver;LoopSolver;GradientSolver;PreSmoothing;pre_0;pre_1;pre_2;pre_3;pre_4;pre_5;pre_6;PostSmoothing;post_0;post_1;post_2;post_3;post_4;post_5;post_6;Cells;cells_50;cells_51;cells_52;cells_53;cells_54;cells_55;Performance
1;1;1;1;0;0;0;0;1;1;0;0;0;0;0;1;0;1;0;0;0;0;0;1;0;1;0;0;0;0;1;0;7640.62535714286
1;1;1;1;0;0;0;1;0;1;0;0;0;0;0;0;1;1;0;0;0;0;0;1;0;1;0;1;0;0;0;0;6837.88607142857
1;1;1;0;1;0;1;0;0;1;0;0;0;0;0;1;0;1;1;0;0;0;0;0;0;1;0;0;0;0;0;1;14520.9714285714
1;1;1;0;1;0;0;1;0;1;1;0;0;0;0;0;0;1;0;1;0;0;0;0;0;1;0;1;0;0;0;0;14992.3785714286
1;1;1;1;0;0;0;0;1;1;0;0;0;1;0;0;0;1;0;0;0;0;1;0;0;1;0;0;0;0;1;0;10614.7321428571
1;1;1;1;0;0;0;0;1;1;0;1;0;0;0;0;0;1;0;1;0;0;0;0;0;1;1;0;0;0;0;0;11102.3214285714
1;1;1;1;0;1;0;0;0;1;0;0;1;0;0;0;0;1;1;0;0;0;0;0;0;1;0;0;0;0;0;1;18612.925
1;1;1;1;0;0;1;0;0;1;0;0;0;0;1;0;0;1;0;0;0;0;1;0;0;1;0;0;0;1;0;0;10003.8414285714
1;1;1;1;0;0;0;1;0;1;1;0;0;0;0;0;0;1;0;0;0;0;1;0;0;1;0;1;0;0;0;0;6884.06214285714
1;1;1;0;1;1;0;0;0;1;0;0;0;0;1;0;0;1;0;0;0;1;0;0;0;1;0;0;0;1;0;0;10966.3857142857
1;1;1;1;0;0;0;1;0;1;0;1;0;0;0;0;0;1;0;0;1;0;0;0;0;1;0;0;0;0;0;1;10562.5107142857
1;1;1;0;1;0;1;0;0;1;0;0;0;0;0;0;1;1;0;0;1;0;0;0;0;1;1;0;0;0;0;0;9650.70785714286
1;1;1;0;1;1;0;0;0;1;0;0;0;0;0;0;1;1;0;1;0;0;0;0;0;1;0;0;0;0;1;0;14082.4607142857
1;1;1;0;1;0;0;0;1;1;1;0;0;0;0;0;0;1;0;0;0;0;1;0;0;1;0;0;0;0;1;0;11245.5142857143
1;1;1;0;1;0;1;0;0;1;0;0;1;0;0;0;0;1;0;1;0;0;0;0;0;1;0;0;0;1;0;0;10844.3428571429
1;1;1;0;1;0;0;0;1;1;0;0;0;1;0;0;0;1;0;0;0;0;0;0;1;1;0;0;0;0;1;0;8476.71214285714
1;1;1;1;0;0;1;0;0;1;0;0;1;0;0;0;0;1;0;0;0;0;0;1;0;1;0;0;0;0;0;1;10725.0357142857
1;1;1;1;0;0;1;0;0;1;0;0;1;0;0;0;0;1;0;0;0;0;1;0;0;1;0;0;1;0;0;0;9765.26714285714
1;1;1;1;0;0;0;0;1;1;0;1;0;0;0;0;0;1;0;0;0;0;0;0;1;1;0;1;0;0;0;0;6866.97892857143
1;1;1;0;1;0;0;0;1;1;1;0;0;0;0;0;0;1;0;0;0;0;0;1;0;1;0;0;0;0;1;0;11291.7142857143
1;1;1;1;0;1;0;0;0;1;1;0;0;0;0;0;0;1;0;0;0;0;0;0;1;1;0;0;0;0;0;1;10604.2821428571
1;1;1;1;0;1;0;0;0;1;0;0;1;0;0;0;0;1;0;0;1;0;0;0;0;1;0;0;0;1;0;0;9895.98071428571
1;1;1;0;1;0;1;0;0;1;0;0;0;0;1;0;0;1;0;0;0;0;1;0;0;1;0;0;0;0;1;0;11267.7321428571
1;1;1;0;1;0;1;0;0;1;0;0;0;0;0;0;1;1;0;0;0;0;1;0;0;1;0;0;0;1;0;0;10816.3285714286
1;1;1;0;1;0;0;1;0;1;0;1;0;0;0;0;0;1;0;0;0;0;1;0;0;1;0;0;0;0;1;0;11255.0678571429
1;1;1;1;0;0;1;0;0;1;0;0;0;0;1;0;0;1;1;0;0;0;0;0;0;1;1;0;0;0;0;0;11059.2357142857
1;1;1;1;0;0;1;0;0;1;0;0;0;0;0;0;1;1;0;0;0;0;1;0;0;1;0;0;0;1;0;0;9957.4675
1;1;1;0;1;0;1;0;0;1;0;1;0;0;0;0;0;1;1;0;0;0;0;0;0;1;0;0;0;1;0;0;24285.6785714286
1;1;1;0;1;0;0;1;0;1;1;0;0;0;0;0;0;1;0;0;0;0;0;1;0;1;0;1;0;0;0;0;7539.12785714286
1;1;1;1;0;0;1;0;0;1;0;1;0;0;0;0;0;1;0;0;1;0;0;0;0;1;1;0;0;0;0;0;8793.11928571429
1;1;1;1;0;1;0;0;0;1;1;0;0;0;0;0;0;1;0;0;0;0;1;0;0;1;0;0;1;0;0;0;9623.4025
1;1;1;1;0;0;0;0;1;1;0;0;0;0;0;0;1;1;0;0;0;0;0;0;1;1;0;1;0;0;0;0;6961.49321428571
1;1;1;1;0;1;0;0;0;1;0;0;0;0;1;0;0;1;0;1;0;0;0;0;0;1;0;0;0;1;0;0;12724.9357142857
1;1;1;1;0;1;0;0;0;1;0;0;0;0;0;0;1;1;0;0;1;0;0;0;0;1;0;0;0;1;0;0;10082.1046428571
1;1;1;1;0;1;0;0;0;1;0;0;0;0;0;0;1;1;0;0;0;0;0;1;0;1;1;0;0;0;0;0;6575.88571428571
1;1;1;0;1;1;0;0;0;1;0;0;0;0;1;0;0;1;0;0;0;0;1;0;0;1;0;0;0;1;0;0;10878.0821428571
1;1;1;1;0;1;0;0;0;1;0;1;0;0;0;0;0;1;0;0;0;0;1;0;0;1;0;0;0;0;0;1;10579.5285714286
1;1;1;1;0;0;1;0;0;1;0;0;0;0;1;0;0;1;0;0;0;0;0;0;1;1;0;0;0;1;0;0;9940.32035714286
1;1;1;0;1;0;0;0;1;1;1;0;0;0;0;0;0;1;0;0;0;0;0;1;0;1;0;0;0;0;0;1;11601.7571428571
1;1;1;1;0;1;0;0;0;1;0;0;0;0;1;0;0;1;0;0;0;1;0;0;0;1;1;0;0;0;0;0;8934.92107142857
1;1;1;1;0;1;0;0;0;1;0;0;0;0;1;0;0;1;0;0;0;1;0;0;0;1;0;0;0;1;0;0;10018.7207142857
1;1;1;0;1;0;1;0;0;1;0;0;1;0;0;0;0;1;0;0;0;0;0;1;0;1;0;0;0;1;0;0;10793.6214285714
1;1;1;0;1;0;1;0;0;1;0;0;0;0;1;0;0;1;0;0;0;0;0;0;1;1;0;0;1;0;0;0;7884.84857142857
1;1;1;0;1;1;0;0;0;1;0;0;0;0;0;0;1;1;0;0;0;0;0;0;1;1;0;0;0;0;0;1;11671.775
1;1;1;1;0;1;0;0;0;1;0;0;0;0;0;1;0;1;0;1;0;0;0;0;0;1;0;1;0;0;0;0;9092.01428571429
1;1;1;1;0;1;0;0;0;1;0;0;1;0;0;0;0;1;1;0;0;0;0;0;0;1;0;1;0;0;0;0;15935.7785714286
1;1;1;0;1;0;0;0;1;1;0;0;0;0;0;1;0;1;0;0;0;1;0;0;0;1;0;0;0;0;1;0;11220.5214285714
1;1;1;1;0;0;0;0;1;1;0;0;1;0;0;0;0;1;0;0;0;0;0;1;0;1;0;1;0;0;0;0;6913.94892857143
1;1;1;1;0;0;0;0;1;1;1;0;0;0;0;0;0;1;0;0;0;0;1;0;0;1;1;0;0;0;0;0;8784.21428571429
1;1;1;1;0;0;0;1;0;1;0;0;0;0;0;0;1;1;0;0;0;1;0;0;0;1;0;0;0;1;0;0;9951.68178571429
1;1;1;0;1;0;1;0;0;1;0;0;0;0;1;0;0;1;0;0;1;0;0;0;0;1;0;0;0;1;0;0;10804.3464285714
1;1;1;1;0;0;0;0;1;1;0;0;1;0;0;0;0;1;0;1;0;0;0;0;0;1;1;0;0;0;0;0;8756.16071428571
1;1;1;0;1;0;0;1;0;1;1;0;0;0;0;0;0;1;0;0;1;0;0;0;0;1;0;0;0;0;0;1;14593.5214285714
1;1;1;1;0;1;0;0;0;1;0;0;0;0;1;0;0;1;0;0;0;0;0;0;1;1;0;0;0;1;0;0;9912.53892857143
1;1;1;1;0;0;1;0;0;1;0;0;0;1;0;0;0;1;0;0;0;0;0;1;0;1;0;0;1;0;0;0;7311.65892857143
1;1;1;1;0;1;0;0;0;1;0;0;0;0;1;0;0;1;0;0;0;0;0;0;1;1;0;1;0;0;0;0;6964.87678571429
1;1;1;0;1;1;0;0;0;1;1;0;0;0;0;0;0;1;0;0;1;0;0;0;0;1;0;0;0;1;0;0;13480.4785714286
1;1;1;1;0;1;0;0;0;1;0;0;0;1;0;0;0;1;0;0;1;0;0;0;0;1;0;0;0;1;0;0;9948.54428571429
1;1;1;0;1;0;0;1;0;1;1;0;0;0;0;0;0;1;0;0;0;0;0;1;0;1;0;0;0;1;0;0;10880.8392857143
1;1;1;1;0;0;1;0;0;1;0;0;0;1;0;0;0;1;0;0;0;0;0;1;0;1;1;0;0;0;0;0;6733.85821428571
1;1;1;0;1;0;0;0;1;1;0;0;1;0;0;0;0;1;0;0;0;0;0;0;1;1;0;1;0;0;0;0;7530.22357142857
1;1;1;0;1;0;0;1;0;1;1;0;0;0;0;0;0;1;0;0;0;1;0;0;0;1;0;0;0;1;0;0;11044.0714285714
1;1;1;0;1;1;0;0;0;1;0;0;0;0;1;0;0;1;0;0;1;0;0;0;0;1;1;0;0;0;0;0;9665.27964285714
1;1;1;0;1;1;0;0;0;1;0;0;1;0;0;0;0;1;1;0;0;0;0;0;0;1;0;0;0;0;0;1;20277.9285714286
1;1;1;1;0;0;1;0;0;1;0;0;0;0;0;0;1;1;0;0;0;1;0;0;0;1;0;0;0;0;0;1;10680.0678571429
1;1;1;1;0;0;0;0;1;1;0;0;0;0;0;0;1;1;0;1;0;0;0;0;0;1;0;0;0;0;0;1;10618.1714285714
1;1;1;0;1;1;0;0;0;1;0;0;0;0;0;0;1;1;0;0;0;0;1;0;0;1;0;0;1;0;0;0;10490.1678571429
1;1;1;1;0;0;0;1;0;1;0;0;0;0;0;0;1;1;1;0;0;0;0;0;0;1;0;0;0;1;0;0;12441.3392857143
1;1;1;1;0;0;1;0;0;1;0;0;0;0;1;0;0;1;0;0;1;0;0;0;0;1;0;0;0;1;0;0;9916.32428571428
1;1;1;1;0;0;0;1;0;1;1;0;0;0;0;0;0;1;0;0;0;0;0;0;1;1;0;0;0;1;0;0;9884.09392857143
1;1;1;1;0;0;0;1;0;1;1;0;0;0;0;0;0;1;0;0;0;1;0;0;0;1;0;0;0;1;0;0;10070.1071428571
1;1;1;1;0;1;0;0;0;1;0;0;0;1;0;0;0;1;0;0;0;1;0;0;0;1;1;0;0;0;0;0;8853.5725
1;1;1;0;1;0;0;0;1;1;1;0;0;0;0;0;0;1;0;1;0;0;0;0;0;1;1;0;0;0;0;0;19264.05
1;1;1;1;0;0;0;0;1;1;0;0;1;0;0;0;0;1;0;0;0;0;0;1;0;1;0;0;1;0;0;0;7197.50607142857
1;1;1;0;1;1;0;0;0;1;0;0;1;0;0;0;0;1;1;0;0;0;0;0;0;1;0;1;0;0;0;0;17514.3714285714
1;1;1;1;0;0;1;0;0;1;0;0;0;0;0;0;1;1;0;0;0;0;1;0;0;1;0;0;1;0;0;0;9612.19178571429
1;1;1;0;1;1;0;0;0;1;0;0;0;0;1;0;0;1;0;0;1;0;0;0;0;1;0;0;0;1;0;0;10791.7714285714
1;1;1;0;1;0;0;0;1;1;1;0;0;0;0;0;0;1;0;0;0;0;0;0;1;1;0;1;0;0;0;0;7641.63535714286
1;1;1;0;1;0;0;1;0;1;0;0;0;0;0;0;1;1;0;0;0;0;0;0;1;1;0;0;0;1;0;0;10849.9571428571
1;1;1;1;0;0;0;1;0;1;1;0;0;0;0;0;0;1;0;0;0;0;0;0;1;1;0;0;0;0;1;0;10247.4892857143
1;1;1;0;1;0;0;0;1;1;0;0;0;0;0;0;1;1;0;1;0;0;0;0;0;1;0;1;0;0;0;0;10225.3896428571
1;1;1;0;1;0;1;0;0;1;0;0;1;0;0;0;0;1;0;0;0;0;0;0;1;1;1;0;0;0;0;0;7264.28714285714
1;1;1;1;0;1;0;0;0;1;1;0;0;0;0;0;0;1;0;0;0;0;1;0;0;1;0;0;0;1;0;0;9973.01142857143
1;1;1;1;0;0;1;0;0;1;0;1;0;0;0;0;0;1;1;0;0;0;0;0;0;1;0;1;0;0;0;0;18502.7071428571
1;1;1;0;1;0;0;0;1;1;0;1;0;0;0;0;0;1;0;0;1;0;0;0;0;1;0;0;0;0;0;1;11619.4035714286
1;1;1;1;0;0;0;1;0;1;0;0;0;0;0;1;0;1;1;0;0;0;0;0;0;1;0;0;0;0;1;0;12737.975
1;1;1;1;0;0;1;0;0;1;0;0;0;1;0;0;0;1;0;0;0;0;0;0;1;1;0;1;0;0;0;0;6884.10785714286
1;1;1;0;1;0;1;0;0;1;0;0;0;0;0;0;1;1;0;0;0;1;0;0;0;1;0;0;0;1;0;0;10948.825
1;1;1;1;0;1;0;0;0;1;0;0;0;0;0;0;1;1;1;0;0;0;0;0;0;1;1;0;0;0;0;0;13219.4928571429
1;1;1;0;1;0;0;0;1;1;0;0;0;1;0;0;0;1;0;0;1;0;0;0;0;1;1;0;0;0;0;0;9823.21321428572
1;1;1;1;0;0;0;1;0;1;0;0;0;1;0;0;0;1;0;0;0;1;0;0;0;1;1;0;0;0;0;0;8788.80428571429
1;1;1;1;0;1;0;0;0;1;0;0;0;0;0;0;1;1;0;0;1;0;0;0;0;1;1;0;0;0;0;0;8862.7725
1;1;1;1;0;1;0;0;0;1;0;0;1;0;0;0;0;1;0;0;0;0;0;0;1;1;0;1;0;0;0;0;6970.53
1;1;1;1;0;0;0;1;0;1;0;1;0;0;0;0;0;1;0;1;0;0;0;0;0;1;0;0;0;0;1;0;10240.3642857143
1;1;1;1;0;0;1;0;0;1;1;0;0;0;0;0;0;1;0;0;0;0;0;1;0;1;0;1;0;0;0;0;9333.74642857143
1;1;1;1;0;0;0;0;1;1;0;0;0;0;0;1;0;1;0;0;1;0;0;0;0;1;0;0;1;0;0;0;9847.27535714286
1;1;1;0;1;0;0;1;0;1;0;0;0;0;0;1;0;1;0;0;0;1;0;0;0;1;0;0;0;1;0;0;10852.3321428571
1;1;1;1;0;0;0;1;0;1;0;1;0;0;0;0;0;1;0;0;0;0;0;1;0;1;0;0;0;0;1;0;10231.4285714286
1;1;1;1;0;1;0;0;0;1;0;0;0;0;0;0;1;1;0;1;0;0;0;0;0;1;0;0;1;0;0;0;9929.11178571429
1;1;1;1;0;0;0;1;0;1;0;0;1;0;0;0;0;1;0;0;0;0;0;1;0;1;0;0;0;0;1;0;10363.6142857143
1;1;1;0;1;1;0;0;0;1;0;0;0;0;0;0;1;1;1;0;0;0;0;0;0;1;0;0;0;1;0;0;16196.9678571429
1;1;1;1;0;0;1;0;0;1;0;1;0;0;0;0;0;1;0;0;0;1;0;0;0;1;0;0;1;0;0;0;9607.33785714286
1;1;1;1;0;0;1;0;0;1;0;0;0;0;1;0;0;1;0;1;0;0;0;0;0;1;0;0;0;1;0;0;9868.64428571428
1;1;1;0;1;0;0;1;0;1;0;0;0;0;0;1;0;1;1;0;0;0;0;0;0;1;0;0;1;0;0;0;10655.9392857143
1;1;1;1;0;1;0;0;0;1;0;0;0;0;1;0;0;1;0;0;0;0;1;0;0;1;1;0;0;0;0;0;8830.31357142857
1;1;1;1;0;0;1;0;0;1;0;0;0;0;0;0;1;1;0;0;0;0;0;1;0;1;0;0;0;0;0;1;10762.8321428571
1;1;1;0;1;0;0;1;0;1;0;0;1;0;0;0;0;1;0;0;0;1;0;0;0;1;0;0;0;0;1;0;11278.5178571429
1;1;1;1;0;1;0;0;0;1;0;0;1;0;0;0;0;1;1;0;0;0;0;0;0;1;0;0;0;0;1;0;17965.475
1;1;1;0;1;0;1;0;0;1;0;0;0;0;0;1;0;1;1;0;0;0;0;0;0;1;0;0;0;1;0;0;16298.7607142857
1;1;1;0;1;1;0;0;0;1;1;0;0;0;0;0;0;1;0;1;0;0;0;0;0;1;0;1;0;0;0;0;25017.9678571429
1;1;1;1;0;0;1;0;0;1;0;0;0;0;0;1;0;1;0;0;0;0;0;1;0;1;1;0;0;0;0;0;6647.9425
1;1;1;1;0;1;0;0;0;1;0;1;0;0;0;0;0;1;0;0;0;1;0;0;0;1;0;0;1;0;0;0;9613.4125
1;1;1;0;1;1;0;0;0;1;0;1;0;0;0;0;0;1;0;0;0;0;1;0;0;1;0;0;1;0;0;0;10400.2607142857
1;1;1;1;0;1;0;0;0;1;0;0;0;0;0;1;0;1;0;0;1;0;0;0;0;1;1;0;0;0;0;0;8790.70821428572
1;1;1;0;1;0;0;1;0;1;0;1;0;0;0;0;0;1;1;0;0;0;0;0;0;1;0;0;0;0;1;0;19679.7678571429
1;1;1;1;0;0;1;0;0;1;0;1;0;0;0;0;0;1;0;0;0;0;1;0;0;1;0;1;0;0;0;0;9279.1775
1;1;1;0;1;0;1;0;0;1;0;0;1;0;0;0;0;1;1;0;0;0;0;0;0;1;0;1;0;0;0;0;12513.1142857143
1;1;1;0;1;0;0;0;1;1;1;0;0;0;0;0;0;1;0;0;0;1;0;0;0;1;1;0;0;0;0;0;10002.2892857143
1;1;1;1;0;1;0;0;0;1;0;1;0;0;0;0;0;1;0;0;0;0;1;0;0;1;0;0;1;0;0;0;9671.40428571428
1;1;1;1;0;1;0;0;0;1;0;0;0;1;0;0;0;1;0;0;0;0;1;0;0;1;0;1;0;0;0;0;9296.86464285714
1;1;1;0;1;0;0;1;0;1;0;0;0;0;1;0;0;1;1;0;0;0;0;0;0;1;0;0;0;1;0;0;13566.0678571429
1;1;1;1;0;0;1;0;0;1;0;1;0;0;0;0;0;1;0;0;0;1;0;0;0;1;0;1;0;0;0;0;9241.88285714286
1;1;1;0;1;1;0;0;0;1;0;0;0;1;0;0;0;1;0;0;0;0;0;0;1;1;0;1;0;0;0;0;7595.3725
1;1;1;1;0;0;0;1;0;1;1;0;0;0;0;0;0;1;0;1;0;0;0;0;0;1;0;0;1;0;0;0;12065.5214285714
1;1;1;1;0;0;1;0;0;1;0;0;0;0;0;1;0;1;0;0;1;0;0;0;0;1;0;0;0;1;0;0;9897.55535714286
1;1;1;0;1;1;0;0;0;1;0;0;0;1;0;0;0;1;0;0;0;0;0;1;0;1;1;0;0;0;0;0;7195.99071428572
1;1;1;0;1;1;0;0;0;1;0;0;0;0;0;1;0;1;0;1;0;0;0;0;0;1;0;0;0;0;1;0;13980.5535714286
1;1;1;1;0;0;1;0;0;1;0;0;0;0;0;1;0;1;0;1;0;0;0;0;0;1;0;0;0;1;0;0;9862.99035714285
1;1;1;1;0;0;1;0;0;1;0;0;1;0;0;0;0;1;0;0;0;0;1;0;0;1;0;1;0;0;0;0;9330.25392857143
1;1;1;0;1;0;0;0;1;1;0;0;0;0;0;1;0;1;0;1;0;0;0;0;0;1;1;0;0;0;0;0;9673.2875
1;1;1;1;0;0;0;0;1;1;1;0;0;0;0;0;0;1;0;0;0;0;1;0;0;1;0;0;0;0;1;0;10432.0035714286
1;1;1;0;1;1;0;0;0;1;0;0;0;0;0;0;1;1;0;0;0;0;1;0;0;1;0;0;0;0;0;1;11676.4714285714
1;1;1;0;1;1;0;0;0;1;0;0;0;0;0;1;0;1;0;0;0;1;0;0;0;1;1;0;0;0;0;0;9685.67785714286
1;1;1;1;0;1;0;0;0;1;1;0;0;0;0;0;0;1;0;0;0;0;0;1;0;1;1;0;0;0;0;0;8945.01428571429
1;1;1;1;0;1;0;0;0;1;0;0;1;0;0;0;0;1;0;0;0;0;1;0;0;1;0;0;0;0;0;1;10562.8857142857
1;1;1;1;0;1;0;0;0;1;0;0;0;0;1;0;0;1;1;0;0;0;0;0;0;1;0;0;0;1;0;0;14984.9821428571
1;1;1;1;0;0;1;0;0;1;0;0;0;0;1;0;0;1;0;0;0;1;0;0;0;1;0;0;1;0;0;0;9730.45642857143
1;1;1;0;1;0;0;1;0;1;0;0;0;1;0;0;0;1;0;1;0;0;0;0;0;1;0;0;1;0;0;0;13055.7142857143
1;1;1;0;1;0;1;0;0;1;0;0;1;0;0;0;0;1;0;0;0;1;0;0;0;1;0;0;1;0;0;0;10457.1214285714
1;1;1;0;1;0;1;0;0;1;1;0;0;0;0;0;0;1;0;0;0;1;0;0;0;1;0;1;0;0;0;0;10047.5421428571
1;1;1;0;1;1;0;0;0;1;0;0;0;0;0;0;1;1;0;0;0;0;0;1;0;1;0;0;1;0;0;0;7818.51357142857
1;1;1;1;0;0;1;0;0;1;0;0;0;0;0;1;0;1;0;1;0;0;0;0;0;1;0;0;1;0;0;0;9574.14285714286
1;1;1;0;1;0;0;1;0;1;0;0;0;0;0;1;0;1;0;0;0;0;0;0;1;1;0;0;0;0;1;0;11264.3178571429
1;1;1;0;1;0;1;0;0;1;0;0;0;0;1;0;0;1;0;0;0;0;0;1;0;1;0;0;0;0;0;1;11699.1892857143
1;1;1;0;1;0;1;0;0;1;0;0;0;0;0;1;0;1;0;0;0;0;1;0;0;1;0;0;1;0;0;0;10489.225
1;1;1;0;1;1;0;0;0;1;0;0;0;0;1;0;0;1;0;0;0;0;0;1;0;1;0;0;0;1;0;0;10847.3071428571
1;1;1;0;1;1;0;0;0;1;0;0;0;0;1;0;0;1;1;0;0;0;0;0;0;1;0;0;0;0;1;0;17026.2964285714
1;1;1;0;1;1;0;0;0;1;0;0;1;0;0;0;0;1;0;0;0;1;0;0;0;1;1;0;0;0;0;0;9610.06535714286
1;1;1;0;1;0;1;0;0;1;0;0;0;0;1;0;0;1;0;1;0;0;0;0;0;1;0;0;0;1;0;0;10945.0214285714
1;1;1;0;1;1;0;0;0;1;0;0;1;0;0;0;0;1;0;0;1;0;0;0;0;1;0;0;0;1;0;0;10852.0214285714
1;1;1;0;1;0;0;1;0;1;0;0;0;0;0;1;0;1;0;0;1;0;0;0;0;1;0;0;0;0;1;0;11319.5714285714
1;1;1;1;0;0;0;1;0;1;0;0;0;0;0;0;1;1;1;0;0;0;0;0;0;1;0;0;1;0;0;0;9880.35428571429
1;1;1;1;0;0;1;0;0;1;0;0;0;1;0;0;0;1;1;0;0;0;0;0;0;1;0;1;0;0;0;0;11428.3571428571
1;1;1;0;1;0;1;0;0;1;0;0;0;0;0;0;1;1;0;0;0;0;0;1;0;1;0;1;0;0;0;0;7598.74214285714
1;1;1;1;0;0;1;0;0;1;0;0;0;1;0;0;0;1;0;0;0;0;1;0;0;1;0;0;0;0;0;1;10709.3928571429
1;1;1;0;1;0;1;0;0;1;0;0;0;1;0;0;0;1;0;0;0;1;0;0;0;1;0;0;0;1;0;0;10815.7321428571
1;1;1;0;1;0;1;0;0;1;0;0;0;0;0;1;0;1;0;0;0;0;0;0;1;1;1;0;0;0;0;0;7341.61357142857
1;1;1;1;0;1;0;0;0;1;0;1;0;0;0;0;0;1;1;0;0;0;0;0;0;1;1;0;0;0;0;0;28465.4178571429
1;1;1;0;1;1;0;0;0;1;0;0;0;0;1;0;0;1;0;0;0;0;0;0;1;1;0;0;1;0;0;0;7924.68857142857
1;1;1;0;1;0;1;0;0;1;0;0;0;1;0;0;0;1;1;0;0;0;0;0;0;1;1;0;0;0;0;0;12006.5107142857
1;1;1;1;0;1;0;0;0;1;0;0;0;0;0;0;1;1;0;1;0;0;0;0;0;1;0;0;0;0;0;1;13204.0321428571
1;1;1;0;1;0;1;0;0;1;0;0;0;0;0;0;1;1;0;0;0;0;0;0;1;1;0;0;0;0;0;1;11700.1714285714
1;1;1;1;0;0;1;0;0;1;0;0;0;0;0;1;0;1;0;0;0;0;1;0;0;1;0;0;0;0;1;0;10274.2821428571
1;1;1;1;0;0;1;0;0;1;0;0;1;0;0;0;0;1;0;1;0;0;0;0;0;1;1;0;0;0;0;0;8811.77892857143
1;1;1;1;0;1;0;0;0;1;0;0;0;0;0;0;1;1;1;0;0;0;0;0;0;1;0;0;0;0;1;0;15479.2285714286
1;1;1;0;1;1;0;0;0;1;0;0;1;0;0;0;0;1;0;0;0;0;0;0;1;1;0;1;0;0;0;0;7531.55964285714
1;1;1;0;1;0;1;0;0;1;0;0;0;1;0;0;0;1;0;0;1;0;0;0;0;1;0;0;0;0;0;1;11662.6321428571
1;1;1;0;1;0;1;0;0;1;0;0;0;1;0;0;0;1;0;0;0;0;1;0;0;1;1;0;0;0;0;0;9660.10607142857
1;1;1;0;1;0;0;1;0;1;0;0;1;0;0;0;0;1;0;0;0;0;0;0;1;1;0;0;0;0;1;0;11308.2785714286
1;1;1;0;1;0;0;1;0;1;1;0;0;0;0;0;0;1;0;0;1;0;0;0;0;1;0;0;0;0;1;0;11318.95
1;1;1;0;1;0;1;0;0;1;0;0;0;0;1;0;0;1;0;0;0;0;0;0;1;1;0;0;0;1;0;0;10800.2821428571
1;1;1;0;1;0;1;0;0;1;0;1;0;0;0;0;0;1;0;0;0;0;0;1;0;1;0;0;0;0;0;1;11674.5535714286
1;1;1;1;0;0;1;0;0;1;0;0;1;0;0;0;0;1;0;0;1;0;0;0;0;1;1;0;0;0;0;0;8868.04571428571
1;1;1;1;0;0;1;0;0;1;0;1;0;0;0;0;0;1;0;0;0;1;0;0;0;1;0;0;0;1;0;0;9907.19285714286
1;1;1;1;0;0;1;0;0;1;0;0;0;0;0;0;1;1;0;0;0;0;1;0;0;1;0;1;0;0;0;0;7022.48178571429
1;1;1;0;1;0;1;0;0;1;0;1;0;0;0;0;0;1;0;0;0;0;0;0;1;1;0;1;0;0;0;0;10176.0842857143
1;1;1;0;1;0;1;0;0;1;1;0;0;0;0;0;0;1;0;1;0;0;0;0;0;1;0;0;0;1;0;0;21636.4642857143
1;1;1;0;1;0;0;1;0;1;0;1;0;0;0;0;0;1;0;0;0;1;0;0;0;1;0;0;1;0;0;0;7873.00142857143
1;1;1;1;0;0;0;1;0;1;0;0;0;0;0;1;0;1;0;1;0;0;0;0;0;1;0;0;1;0;0;0;9659.76821428571
1;1;1;0;1;1;0;0;0;1;0;0;0;0;0;0;1;1;0;0;1;0;0;0;0;1;0;0;0;0;0;1;11611.9178571429
1;1;1;1;0;0;1;0;0;1;0;0;0;0;0;1;0;1;0;0;1;0;0;0;0;1;0;0;0;0;0;1;10634.375
1;1;1;0;1;0;1;0;0;1;0;0;0;1;0;0;0;1;0;0;0;0;1;0;0;1;0;1;0;0;0;0;10043.065
1;1;1;1;0;0;1;0;0;1;0;0;0;0;0;1;0;1;0;0;0;0;0;0;1;1;1;0;0;0;0;0;6599.87928571429
1;1;1;0;1;1;0;0;0;1;0;1;0;0;0;0;0;1;1;0;0;0;0;0;0;1;0;0;1;0;0;0;36620.5535714286
1;1;1;1;0;0;1;0;0;1;0;0;0;1;0;0;0;1;0;0;0;1;0;0;0;1;0;1;0;0;0;0;9231.42607142857
1;1;1;1;0;0;1;0;0;1;0;0;0;0;0;0;1;1;0;0;1;0;0;0;0;1;0;0;0;1;0;0;10031.4114285714
1;1;1;1;0;0;0;0;1;1;0;1;0;0;0;0;0;1;1;0;0;0;0;0;0;1;0;0;1;0;0;0;12304.2785714286
1;1;1;0;1;0;1;0;0;1;0;0;0;1;0;0;0;1;0;0;1;0;0;0;0;1;0;0;0;1;0;0;11017.7285714286
1;1;1;1;0;1;0;0;0;1;0;0;0;0;0;0;1;1;1;0;0;0;0;0;0;1;0;0;0;1;0;0;14792.4678571429
1;1;1;1;0;0;1;0;0;1;0;0;0;1;0;0;0;1;0;0;1;0;0;0;0;1;0;0;0;0;0;1;10621.3571428571
1;1;1;1;0;0;1;0;0;1;0;0;0;1;0;0;0;1;0;0;0;0;0;1;0;1;0;0;0;1;0;0;10046.2942857143
1;1;1;1;0;0;0;1;0;1;0;0;1;0;0;0;0;1;0;0;1;0;0;0;0;1;0;0;0;0;1;0;10242.5392857143
1;1;1;0;1;0;0;0;1;1;0;0;1;0;0;0;0;1;0;0;0;1;0;0;0;1;0;0;1;0;0;0;10517.2
1;1;1;0;1;0;1;0;0;1;0;0;0;0;0;1;0;1;1;0;0;0;0;0;0;1;0;0;1;0;0;0;13018.6928571429
1;1;1;0;1;0;1;0;0;1;0;0;0;0;1;0;0;1;1;0;0;0;0;0;0;1;0;0;0;0;0;1;17408.4964285714
1;1;1;1;0;0;0;0;1;1;0;1;0;0;0;0;0;1;0;0;0;0;0;1;0;1;0;0;0;0;0;1;10695.7
1;1;1;1;0;0;0;0;1;1;1;0;0;0;0;0;0;1;0;0;0;0;0;1;0;1;1;0;0;0;0;0;8800.89392857143
1;1;1;0;1;0;0;0;1;1;1;0;0;0;0;0;0;1;0;0;1;0;0;0;0;1;0;0;1;0;0;0;10641.8357142857
1;1;1;1;0;0;0;1;0;1;0;0;1;0;0;0;0;1;0;0;1;0;0;0;0;1;0;0;0;0;0;1;10596.3357142857
1;1;1;0;1;0;1;0;0;1;0;1;0;0;0;0;0;1;0;0;0;0;1;0;0;1;0;0;1;0;0;0;10409.3785714286
1;1;1;1;0;0;0;1;0;1;0;0;0;1;0;0;0;1;0;0;1;0;0;0;0;1;1;0;0;0;0;0;8771.17571428571
1;1;1;0;1;1;0;0;0;1;0;1;0;0;0;0;0;1;0;0;0;0;0;0;1;1;0;1;0;0;0;0;7673.93678571429
1;1;1;0;1;0;1;0;0;1;0;0;1;0;0;0;0;1;0;0;0;0;0;1;0;1;1;0;0;0;0;0;7281.7525
1;1;1;0;1;0;1;0;0;1;0;0;0;1;0;0;0;1;0;0;0;0;1;0;0;1;0;0;1;0;0;0;10469.4464285714
1;1;1;0;1;0;0;1;0;1;0;0;0;0;0;0;1;1;1;0;0;0;0;0;0;1;0;0;1;0;0;0;13144.6428571429
1;1;1;1;0;1;0;0;0;1;0;0;0;0;1;0;0;1;1;0;0;0;0;0;0;1;0;0;0;0;0;1;15837.3285714286
1;1;1;0;1;1;0;0;0;1;0;0;0;1;0;0;0;1;0;0;0;0;0;0;1;1;0;0;0;0;0;1;11739.8428571429
1;1;1;0;1;1;0;0;0;1;0;0;0;1;0;0;0;1;1;0;0;0;0;0;0;1;0;0;0;0;0;1;20278.825
1;1;1;1;0;1;0;0;0;1;0;0;1;0;0;0;0;1;0;0;0;0;1;0;0;1;0;0;0;1;0;0;10000.2767857143
1;1;1;0;1;1;0;0;0;1;0;0;0;0;1;0;0;1;0;0;0;0;0;0;1;1;0;0;0;1;0;0;10874.2678571429
1;1;1;1;0;1;0;0;0;1;0;0;0;0;0;0;1;1;0;0;0;0;0;0;1;1;0;0;0;1;0;0;10147.825
1;1;1;0;1;0;0;0;1;1;0;0;0;0;0;0;1;1;0;1;0;0;0;0;0;1;1;0;0;0;0;0;9811.64071428571
1;1;1;1;0;1;0;0;0;1;0;0;1;0;0;0;0;1;0;1;0;0;0;0;0;1;0;0;0;0;1;0;12776.875
1;1;1;0;1;0;1;0;0;1;1;0;0;0;0;0;0;1;0;0;0;1;0;0;0;1;0;0;1;0;0;0;10492.1607142857
1;1;1;0;1;0;0;1;0;1;0;0;0;1;0;0;0;1;0;0;0;0;0;1;0;1;1;0;0;0;0;0;9606.04964285714
1;1;1;0;1;0;0;1;0;1;0;1;0;0;0;0;0;1;0;0;0;0;0;1;0;1;0;0;0;0;1;0;11172.025
1;1;1;1;0;0;0;0;1;1;0;0;0;1;0;0;0;1;0;0;0;0;0;1;0;1;0;0;0;0;1;0;7699.78285714286
1;1;1;0;1;0;0;1;0;1;0;0;1;0;0;0;0;1;0;0;0;1;0;0;0;1;0;0;0;0;0;1;11592.9785714286
1;1;1;0;1;0;1;0;0;1;0;0;0;0;0;1;0;1;0;1;0;0;0;0;0;1;0;0;1;0;0;0;10459.4285714286
1;1;1;0;1;0;1;0;0;1;0;1;0;0;0;0;0;1;0;0;1;0;0;0;0;1;0;0;0;1;0;0;10867.4285714286
1;1;1;0;1;1;0;0;0;1;0;0;0;0;1;0;0;1;1;0;0;0;0;0;0;1;0;1;0;0;0;0;14951.0464285714
1;1;1;0;1;0;1;0;0;1;0;1;0;0;0;0;0;1;1;0;0;0;0;0;0;1;1;0;0;0;0;0;19228.0142857143
1;1;1;1;0;0;1;0;0;1;0;0;0;0;0;1;0;1;0;0;0;0;1;0;0;1;1;0;0;0;0;0;6707.40964285714
1;1;1;1;0;0;0;1;0;1;1;0;0;0;0;0;0;1;0;0;0;1;0;0;0;1;0;0;1;0;0;0;8849.41357142857
1;1;1;0;1;0;0;1;0;1;0;1;0;0;0;0;0;1;0;0;0;0;0;0;1;1;0;0;0;0;1;0;11205.2892857143
1;1;1;1;0;1;0;0;0;1;0;0;0;0;0;0;1;1;0;0;0;0;0;1;0;1;0;0;0;0;0;1;10559.5892857143
1;1;1;0;1;1;0;0;0;1;0;0;0;0;0;1;0;1;0;0;0;0;0;0;1;1;0;0;0;1;0;0;10786.8857142857
1;1;1;1;0;0;1;0;0;1;0;0;0;0;1;0;0;1;0;0;0;0;0;0;1;1;0;0;0;0;0;1;10757.1214285714
1;1;1;1;0;0;0;0;1;1;0;0;0;0;0;1;0;1;0;0;0;0;0;1;0;1;0;0;0;0;0;1;8079.19928571429
1;1;1;1;0;0;1;0;0;1;1;0;0;0;0;0;0;1;0;0;1;0;0;0;0;1;0;1;0;0;0;0;9132.96857142857
1;1;1;1;0;0;0;0;1;1;0;0;0;1;0;0;0;1;0;1;0;0;0;0;0;1;1;0;0;0;0;0;8796.4125
1;1;1;0;1;0;0;0;1;1;0;0;1;0;0;0;0;1;0;0;1;0;0;0;0;1;0;0;1;0;0;0;10471
1;1;1;1;0;1;0;0;0;1;0;0;0;1;0;0;0;1;0;0;0;0;0;1;0;1;0;0;0;0;0;1;10583.5392857143
1;1;1;0;1;0;1;0;0;1;0;0;0;1;0;0;0;1;0;0;0;1;0;0;0;1;0;0;1;0;0;0;10402.3428571429
1;1;1;0;1;0;0;1;0;1;0;0;0;0;0;1;0;1;0;0;0;0;1;0;0;1;0;0;0;0;1;0;11219.0357142857
1;1;1;1;0;0;1;0;0;1;0;0;0;0;1;0;0;1;0;1;0;0;0;0;0;1;0;0;0;0;1;0;10264.4
1;1;1;1;0;1;0;0;0;1;0;1;0;0;0;0;0;1;0;1;0;0;0;0;0;1;0;1;0;0;0;0;11472.7035714286
1;1;1;1;0;0;1;0;0;1;0;0;1;0;0;0;0;1;0;0;0;0;1;0;0;1;0;0;0;1;0;0;9898.45571428571
1;1;1;0;1;0;1;0;0;1;0;0;0;1;0;0;0;1;0;0;0;1;0;0;0;1;0;1;0;0;0;0;10028.3760714286
1;1;1;0;1;1;0;0;0;1;0;0;0;1;0;0;0;1;0;1;0;0;0;0;0;1;0;1;0;0;0;0;12524.9071428571
1;1;1;1;0;0;0;1;0;1;0;0;1;0;0;0;0;1;0;0;0;1;0;0;0;1;0;0;1;0;0;0;9597.75464285715
1;1;1;0;1;0;0;0;1;1;0;0;0;1;0;0;0;1;0;0;0;0;0;1;0;1;1;0;0;0;0;0;7257.72464285714
1;1;1;1;0;0;1;0;0;1;0;0;0;0;0;1;0;1;0;0;0;1;0;0;0;1;0;0;1;0;0;0;9552.98678571429
1;1;1;0;1;1;0;0;0;1;0;1;0;0;0;0;0;1;0;0;0;0;0;0;1;1;0;0;0;0;0;1;11582.9571428571
1;1;1;1;0;0;0;1;0;1;0;0;0;0;0;1;0;1;0;0;0;1;0;0;0;1;0;0;0;0;0;1;10642.3607142857
1;1;1;1;0;0;1;0;0;1;0;0;0;0;1;0;0;1;0;1;0;0;0;0;0;1;0;0;0;0;0;1;10657.6857142857
1;1;1;1;0;0;1;0;0;1;1;0;0;0;0;0;0;1;0;1;0;0;0;0;0;1;0;1;0;0;0;0;18348.8035714286
1;1;1;0;1;1;0;0;0;1;0;0;0;0;0;1;0;1;1;0;0;0;0;0;0;1;0;1;0;0;0;0;14988.5178571429
1;1;1;1;0;1;0;0;0;1;0;1;0;0;0;0;0;1;0;1;0;0;0;0;0;1;0;0;0;0;1;0;13082.9964285714
1;1;1;1;0;0;0;0;1;1;1;0;0;0;0;0;0;1;0;0;0;1;0;0;0;1;1;0;0;0;0;0;8862.48428571429
1;1;1;1;0;0;0;1;0;1;0;1;0;0;0;0;0;1;0;0;1;0;0;0;0;1;0;0;0;0;1;0;10203.9892857143
1;1;1;1;0;0;0;1;0;1;1;0;0;0;0;0;0;1;0;0;0;0;1;0;0;1;0;0;0;0;1;0;10293.4392857143
1;1;1;0;1;0;0;0;1;1;0;0;0;0;0;1;0;1;0;0;0;0;0;1;0;1;0;1;0;0;0;0;7491.54714285714
1;1;1;1;0;0;0;0;1;1;0;0;1;0;0;0;0;1;0;0;0;1;0;0;0;1;0;0;0;0;1;0;10399.8607142857
1;1;1;0;1;0;1;0;0;1;0;0;0;1;0;0;0;1;0;0;0;1;0;0;0;1;1;0;0;0;0;0;9634.40214285714
1;1;1;1;0;1;0;0;0;1;1;0;0;0;0;0;0;1;0;0;0;0;0;0;1;1;0;1;0;0;0;0;6888.65642857143
1;1;1;1;0;0;1;0;0;1;0;0;0;0;1;0;0;1;1;0;0;0;0;0;0;1;0;0;0;1;0;0;14909.8357142857
1;1;1;0;1;0;1;0;0;1;1;0;0;0;0;0;0;1;0;1;0;0;0;0;0;1;0;1;0;0;0;0;20062.4892857143
1;1;1;0;1;1;0;0;0;1;0;1;0;0;0;0;0;1;0;0;0;0;0;1;0;1;1;0;0;0;0;0;7279.72071428571
1;1;1;0;1;1;0;0;0;1;0;1;0;0;0;0;0;1;0;1;0;0;0;0;0;1;0;0;0;1;0;0;13661.4785714286
1;1;1;1;0;0;0;1;0;1;0;0;0;0;0;1;0;1;1;0;0;0;0;0;0;1;0;0;0;1;0;0;12302.025
1;1;1;1;0;0;0;0;1;1;0;0;0;0;0;0;1;1;0;0;0;0;1;0;0;1;0;0;0;0;1;0;7773.2525
1;1;1;0;1;1;0;0;0;1;0;0;0;0;1;0;0;1;0;0;0;0;0;0;1;1;1;0;0;0;0;0;7341.04071428571
1;1;1;1;0;1;0;0;0;1;1;0;0;0;0;0;0;1;0;0;1;0;0;0;0;1;0;0;0;1;0;0;12819.7214285714
1;1;1;1;0;0;1;0;0;1;0;1;0;0;0;0;0;1;0;0;0;0;0;1;0;1;0;0;0;1;0;0;9944.255
